movie,sentence,score
더 퍼스트 슬램덩크,북산 팀을 큰 스크린으로 몇번이고 볼 수 있는 기쁨과 감동,10
더 퍼스트 슬램덩크,"내 추억이, 내 기억이, 다 자라버린 내 경험과 버무러져 살면서 다신 없을 기분을 선사해줬다. 너무 고맙다.",10
더 퍼스트 슬램덩크,솔직히 딱히 잘 모르겠음,2
더 퍼스트 슬램덩크,슬램덩크를 보지 않았던 사람도 즐길 수 있는 영화~!!!,8
더 퍼스트 슬램덩크,되살아난 명작....,10
더 퍼스트 슬램덩크,언제 봐도 피끓는 북산 산왕전!,8
더 퍼스트 슬램덩크,슬램덩크 하나도 모르는데 재밌었음,9
더 퍼스트 슬램덩크,영화관에서 같은 영화 처음으로 두 번 봤어요!이건 진짜 돌비로 봐야…,10
더 퍼스트 슬램덩크,이번 슬램덩크 극장판은 최고의 명 경기를 보여준 극장판이었어요:),10
더 퍼스트 슬램덩크,슬램덩크에 대해서 전혀 모르는데 남편이 보고싶어해서 봤는데 영상미가 맘에 들고 농구경기 연출은 좋았는데 경기에 몰입할 즈음 과거로 플래시백하는 장면이 많은게 좀 아쉬웠어요.,8
더 퍼스트 슬램덩크,영화가 끝나고 한동안 계속 중학교 시절의 내가 되어.... 추억의 힘이란 이런 거구나. ,10
더 퍼스트 슬램덩크,모든게 완벽했다!!ㅠㅠ,10
더 퍼스트 슬램덩크,재미는있습니다기존애니와는 틀리게 현장생동감이느껴집니다그런데 흐림이 자꾸 끝나고너무 잦은 과거 소환으로 지루하다고생각될만큼 끊겼습니다,8
더 퍼스트 슬램덩크,무조건 두번이상 보게 되어있음,10
더 퍼스트 슬램덩크,시작과 동시에 영화가 아니라 농구경기 한편 과 그기에 선수들의 개인적 이야기 조금 추가 정도그럼에도 불구하고 끝날때쯤 열심히 응원하고 있는 나농구경기 한편으로 영화를 만든다는게 정말 대단하게 느껴짐하지만 농구관심없는 사람은 비추 ,4
더 퍼스트 슬램덩크,ㄷㄷ 뒷심 죽이네 뭐여 300 만 가겠는데,10
더 퍼스트 슬램덩크,오랫만에 20년 전 느꼈던 감정을 다시한번 돌아봤네요,10
더 퍼스트 슬램덩크,말이 필요없는 전율 그 자체 다만 자막 초월번역 진짜 너무 거슬림 번역하는 인간들 진짜 어휴...,10
더 퍼스트 슬램덩크,진짜 솔직하게 난 다른건 모르겠고 잘만들긴했는데 스토리가 아쉽다 경기중에 몇번을 왔다갔다하는지ㅠㅠ 그래도 2시간 훅간다,9
더 퍼스트 슬램덩크,노잼임 평점 9점인게 신기할뿐임,2
더 퍼스트 슬램덩크,한동안 잊고 살았던 어렸을 적 친했던 친구를 만나서 수다를 떨고 온 느낌이네요. 정말 기분이 좋습니다. ,10
더 퍼스트 슬램덩크,송어 뚫태섭~~!!!!,9
더 퍼스트 슬램덩크,한 권 한 권 만화책 나오길 기다리며 설레던 그 시절로 데려가 줘서 고마웠어,10
더 퍼스트 슬램덩크,어린 시절의 추억이 다시 떠오르는 좋은 시간이었습니다.,9
더 퍼스트 슬램덩크,불꽃남자 정대만 사랑해,10
더 퍼스트 슬램덩크,중간 중간 지루했어서 아쉽네요,8
더 퍼스트 슬램덩크,왜 이제 봤나 싶을 정도로 재밌게 봤습니다,10
더 퍼스트 슬램덩크,쿠키영상을 못 봤네요마지막 정막이 흐를때 ...,10
더 퍼스트 슬램덩크,"의욕 충만한 열정을 끌어낸다.어려움을 극복하고 얻는 희열에 얼마만의 몰입이었는지, 다시 또 보고 싶다.",10
더 퍼스트 슬램덩크,앞으로 또 어떻게 기다리냐....,10
더 퍼스트 슬램덩크,진짜 한국은 일본문화권이네 ,5
더 퍼스트 슬램덩크,송태섭 스토리는 그냥 사족같은 느낌이였다 그때는 감동이였지만 지금은 유치한 구석도 있고 그냥 반가운 감정,6
더 퍼스트 슬램덩크,10년전 감동이 다시 느껴졌음,10
더 퍼스트 슬램덩크,더 세컨드 슬램덩크 주세요..,10
더 퍼스트 슬램덩크,눈물이진짜 졸졸졸 흐름니다ㅠㅠ,10
더 퍼스트 슬램덩크,명실상부 인생작에 가깝게 완벽한 영화이미 다 알고있는 내용으로도 감동을주며송태섭을 새로운주인공으로 내세우며 처음보는사람마저손에 땀을쥐게 만들고 슬램덩크를정주행하게 만드는 정말 최고의작품 ,10
더 퍼스트 슬램덩크,1990년대 추억으로 빠져들게하는 영화입니다.그 시절 주인공 이름으로 자막이 나와서 더 좋았습니다.2 탄도 제작되면 좋겠습니다.주제곡도 오랜만에 다시 듣고 있네요.,10
더 퍼스트 슬램덩크,제발 모든 경기 싹 다 한 편씩 만들어주길...,8
더 퍼스트 슬램덩크,진짜 최고로 재밌었다이미 만화로도 몇번을 정주행했는데영화로 볼때 처음부터 끝까지 울뻔했다,10
더 퍼스트 슬램덩크,론나 재미있는데 옆에 있던 아저씨 둘 다 우심,10
더 퍼스트 슬램덩크,내가본 애니메이션 영화중 &amp;#39;최고&amp;#39;의 영화.,10
더 퍼스트 슬램덩크,난 그냥저냥각자 케릭터개성과 농구실력이 다운그레이드된느낌 ,6
더 퍼스트 슬램덩크,마지막부분 빼고는 약간 지루하고 계속 흐름상 왔다갔다해서 집중하기가 힘들었어요그래도 마지막부분은 잼있었네요,7
더 퍼스트 슬램덩크,진짜 작품 자체로만은 무조건 10점인데 더빙판 성우진이 영...; 본래 성우진들 기용하는게 몇억배 좋았을거 같은데 기존 성우진 섭외 실패라도 한건가; ,8
더 퍼스트 슬램덩크,원작도 모르고 봤지만 재밌었음 근데 정대만 자꾸 생각남,8
더 퍼스트 슬램덩크,명작은 그 결과를 알아도 다시 찾게 만든다,10
더 퍼스트 슬램덩크,마지막에 울엇다……… 송태섭의 서사에 울고나와서 정대만에게 빠지는 영화,10
더 퍼스트 슬램덩크,원작본적도 없는데도 불구하고 인상깊게 봤습니다,9
더 퍼스트 슬램덩크,슬램덩크 세대도 아니고 슬램덩크를 본적도 없지만 진짜 너무 좋네요 감동적이고 연출이 기가 막혀서 농구 한게임 보는건데도 지루하지 않게 2시간 봤습니다 유튜브나 리뷰에서 끌려 갔다가 입문 했다는 사람이 많아서 기대하고 봤는데 기대를 매우매우 충족하는 명작,10
더 퍼스트 슬램덩크,아.. 진짜 미쳤습니다. 슬램덩크ㅠㅠㅠ 몇번이고 다시보고싶어요제발 32강 산왕전말고 전국체전 전부 보여주세요,10
더 퍼스트 슬램덩크,그냥…최고 세번봐도 또 보고싶다,10
더 퍼스트 슬램덩크,2023년 최고의 영화 정말 재밌어요,9
더 퍼스트 슬램덩크,90년대 슬램덩크 연재 당시 캐릭터 인기 순위가 생각이 나네요 일본도 마찬가지겠지만 한국도 정대만이 자주 상위권에 올라있었지만 한국에서 잠시 윤대협이 1위를 한 적이 있었습니다 그때만 해도 한국에서 농구가 인기가 엄청났기 때문에 농구를 하는 수 많은 농구인들이 윤대협 처럼 농구 하고 싶어 했죠 물론 모든 농구인들이 다 그런 건 아니지만 특히 농구 고수들에게 윤대협은 딱 닮고 싶은 캐릭터였습니다 일단 외모 농구 실력 그리고 가장 중요 한 것 바로 마인드 동료들을 배려 할 줄 알고 패배 했을때도 상대의 실력을 인정 할 줄 알며 농구를 즐기 줄 알며 승부 그 자체를 즐길 줄 아는 윤대협 코트 밖에서도 안에서도 여유와 즐기는 마인드를 장착 했던 윤대협 어릴 때 윤대협을 보면서 아 나도 저렇게 농구 하고 싶고 삶도 저런 삶을 살고 싶다라는 생각을 많이 했었는데 생각보다 쉽지는 않더군요ㅎ 그래도 영향을 많이 받아서 농구 할 때도 최대 한 즐기는 마인드를 갖고 했으며 상대를 배려했으며 진정 한 농구인이 되려 했습니다 근데 살면서 윤대협 같은 사람을 만나는게 쉽지 않더군요 이유는 윤대협 같은 캐릭터는 상위권에 속한 사람들이라 실 생활에서는 만나는게 정말 어렵다는 생각이네요ㅋ 진짜 상상속에서나 만화 속에서는 있을 법한 사람 잘 찾아보면 어딘가 있겠지만 저런 마인드와 외모를 가진 사람이 많지 않다는게 현실ㅎ 대한민국에 윤대협 같은 사람들만 있으면 진짜 바로 선진국 될 것 같은데 말이죠ㅋ 암튼 슬램덩크는 계속해서 후세 사람들에게도 전해내려줘야 하는 훌륭 한 만화라고 생각합니다 3-40대 사람들이 자식들에게 꼭 보여줬으면 하는 그리고 그 안에서 배움을 얻어 실생활에서도 올바르게  성장하게 만들어줬으면 하는 바램이네요ㅎ 슬램덩크는 정말 좋은 만화 입니다,10
더 퍼스트 슬램덩크,무난함. 딱 그정도.,7
더 퍼스트 슬램덩크,전후 역사상 농구 만화로는 최고다,10
더 퍼스트 슬램덩크,모든게 완벽했다....벌써 5회차,10
더 퍼스트 슬램덩크,기대 이상을 넘어선 감동입니다. 보기전에는 3D 애니의 거부감이 있었지만 이번 극장판은 3D가 정답이라는 생각까지 들게했네요. ,10
더 퍼스트 슬램덩크,아들 낳으면 북산고 보내겠습니다!!!,10
더 퍼스트 슬램덩크,이제 숨셔도 돼? 대박 숨멎을뻔,10
더 퍼스트 슬램덩크,너무 재밌다 옛날 ost안 나와서 좀 아쉬웠지만 새로운 ost도 좋았다 탑건 이후로 평가 처음 적어본다 강추,10
더 퍼스트 슬램덩크,가슴이 ㅈㄴ웅장해진다 ㄹㅇ 하 너무 잼ㅆ다 어떡하지?,10
더 퍼스트 슬램덩크,원작 잘 모르는데도 정말 숨죽이고 봤어요 ,10
더 퍼스트 슬램덩크,후속작을 기대하고 싶다. ,10
더 퍼스트 슬램덩크,클래식은 영원하다. 농놀 최고!! 뚫어 송태섭!!!!,10
더 퍼스트 슬램덩크,슬램덩크는 강백호가 주연인데 송태섭이 주연인것도 괜찮았습니다!ㅋ 어릴때  SBS에서 슬램덩크 방영 당시 백호가 채치수한테 고릴라라고 한거 정말 웃겼는데ㅋ,10
더 퍼스트 슬램덩크,마지막 1분은 진짜 감동그자체였습니다 ㅠㅠ,10
더 퍼스트 슬램덩크,굿… 최고의 영화였다…,10
더 퍼스트 슬램덩크,진심 애니보면서 소름돋은적은 처음이다…,10
더 퍼스트 슬램덩크,경기장 관람석에 앉아 있는 느낌입니다.,10
더 퍼스트 슬램덩크,진짜 개지림 꼭 봐야하는 영화,10
더 퍼스트 슬램덩크,재미있긴한데 그정도는 아닌데.. 왜 이렇게 난리에요 &amp;#39;-&amp;#39; ?,10
더 퍼스트 슬램덩크,진짜... 추억의향수를 극한까지 끌어올린 영화,10
더 퍼스트 슬램덩크,20년넘은 추억을 소환하는 마법같은 스토리와 주인공들. 감동주셔서 감사합니다.,10
더 퍼스트 슬램덩크,보면서 계속 심장뛰는 영화,10
더 퍼스트 슬램덩크,미친 영화….. 너무 감동 ㅎㅎ,10
더 퍼스트 슬램덩크,"관객들이 몰입할 준비를 하고 왔다는게 너무 놀랐어요. 솔솔솔 소리날 땐 숨도 안 쉬는 듯, 잘 봤다뿅, ㅋㅋ",10
더 퍼스트 슬램덩크,그냥 미쳣음 피가 끓는영화,10
더 퍼스트 슬램덩크,"작화, OST 모두 뛰어남",10
더 퍼스트 슬램덩크,내 마음에 깊은 파동의 슬램덩크,10
더 퍼스트 슬램덩크,첨본다는게 믿기지 않네 ㅋㅋ,10
더 퍼스트 슬램덩크,감동 포인트 마다 뭉글한 감동이 있었습니다.,10
더 퍼스트 슬램덩크,넘 재밌음혼을 쏙 빼네요,10
더 퍼스트 슬램덩크,ㅠㅠ 진짜 말이 필요없는.. 숨죽이며 봤네요..,10
더 퍼스트 슬램덩크,3D의 어색함 없이 원작의 감동을 그대로,10
더 퍼스트 슬램덩크,영화관에서 4번 울었다...이 시대에 벌수있어서 감사합니다,10
더 퍼스트 슬램덩크,눈물은 안나는데 뭉클하고 가슴뛰더라,10
더 퍼스트 슬램덩크,"이게 농놀이야.,.,.,..",10
더 퍼스트 슬램덩크,마치 옛친구를 다시 만나 오랜만에 다시 생생하게 곱씹어보는 그때의 그 추억. 감동.,9
더 퍼스트 슬램덩크,40대 중반 나이에 애니메이션 본다고 눈총받았지만 후회없는 선택이었다 ,10
더 퍼스트 슬램덩크,훌륭하다 거의 완벽한 극장판,10
더 퍼스트 슬램덩크,좀 지루하던데.. 나만 그런가?,4
더 퍼스트 슬램덩크,진짜 몰입감 쩔고 감동도 쩔고 만화책으로 몇번이고 다시봤던 산왕전을 애니로 볼 수 있어서 너무 행복했습니다.,10
더 퍼스트 슬램덩크,"옛날에 서태웅 좋아할때 친구가 하도 모라 그래서 ㅋ 서태웅 좋아한다고 말도 못했는데...아마 완성형 인간형에 대한 질투ㅋ?였을까??성장하는 강백호가 좋치, 서태웅은 재섭다며ㅜㅠ 근데 대형화면에...늘 가늘다고 생각한 이미지의 서태웅이 연필로 그려지면서 어슬렁 어슬렁 걸어나오는데 헉 그때 떨어진 심장이 어느 영화관에 있는지...다시 주으러 (주섬주섬) 가야겠다 ",10
더 퍼스트 슬램덩크,지렸다 지렸다 지렸다 지렸다 ,10
더 퍼스트 슬램덩크,클래스는 영원하다 감동했음,10
더 퍼스트 슬램덩크,언제적이야 ~ ㅋㅋㅋ~,1
더 퍼스트 슬램덩크,불알이 요동칠정도로 웅장한 감동,10
더 퍼스트 슬램덩크,"&amp;#39;무슨 슬램덩크야 ㅡㅡ&amp;#39; 라고 심드렁해 하는 20대중반 예비신부랑 같이 보았음 보기 전부터 궁금했음 어떤 내용일까 어떤식으로 연출 했을까 등등. 만화책n독 하신분들 아시겠지만 산왕전 마지막 30초?! 정도 대사 없이 빠르게 진행 하는데 그것을 어떻게 연출했을까 아니나 다를까, 다크나이트에서 조커가 하비덴트 죽이려는 그 지하터널씬 만큼이나 흡입력이 끝내줬다. 중간중간 만화처럼 흑백으로 처리한 씬도 있었고, 모든 슬램덩크 팬들의 염원이었던 마지막 하이파이브씬을 동영상으로 보았을때의 희열이란... ",10
더 퍼스트 슬램덩크,원작 만화에 대한 지식이 더 많았더라면 더 짜릿했을 것 같다,7
더 퍼스트 슬램덩크,진짜 존나 개쩜 슬램덩크 내용 모르고 봐도 개꿀잼,10
더 퍼스트 슬램덩크,퀄리티 좋은 버젼으로 보니 멋지네요... 만화책 안 보신 분들은 예습하시고 가시는 걸 추천...,10
더 퍼스트 슬램덩크,혼자 영화보기 처음인데.. 캐릭터중 송태섭을 좋아하는데.. 송태섭이 주인공이라 더 좋았음.. 이제 모레면 50인데.. 감동이구나,10
더 퍼스트 슬램덩크,별점도 높고 후기좋아서 엄청 기대하며 봤어요. 처음 슬램덩크 보는 사람들은 재밌게 봤을꺼같은데.. 저는 좀 실망했어요. 특히나 성우 바뀐부분에서 이건 아니다 싶었어요. 내가 아는 강백호는 이목소리가 아닌데.. 이런느낌이랄까요. 예전 슬램덩크로 다니 돌려내~~ ㅠㅠ ,6
더 퍼스트 슬램덩크,"망설이다 끄적여보는 슬램덩크 극장판 후기.중후반부터는 거의 눈에 땀에 고인 채로 관람. 다음 장면이, 다음 대사가 뭔지 아는데 나 두근두근 왜 이러니? 이노우에의 어마어마한 작화 능력을 따라오지 못했던 TV판은 거들떠 보지도 않아서 주제곡은 &amp;#39;뜨거운 코트를 가르며~&amp;#39; 까지 밖에 몰랐지만, 이제부터 나의 OST는 도내 남바완가도가 코트를 가를 때 터져나오던 Love Rocket으로 확정. 모션캡쳐와 3D로 구현된 경기 장면이 이렇게 작화에 충실하면서 이렇게 역동적일 수 있다니! 내 소중하고 뜨거웠던 추억이 30년만에 되살아나 생생하게 눈 앞에서 살아 움직이는 느낌. 전혀 변하지 않은, 오히려 더 좋은 모습으로. 만화의 원작자가 애니메이션의 감독이어야만 하는 절대적인 이유. 원작을 보지 않았다면 배경 스토리를 유튜브 등으로 보고 가길 추천. 후기를 망설인 이유는 다른 분들의 감동에 방해가 될까봐서였지만 이 영화가 더 잘 됐으면 하는 맘이 더 커서 그만",10
더 퍼스트 슬램덩크,이정도로 3d를 자연스럽게 높은 퀄리티로 만들었으며 모르는 사람이 봐도 이해가 되는 스토리에 이영화는 봐야한다,10
더 퍼스트 슬램덩크,굳,10
더 퍼스트 슬램덩크,아 진짜 꼭 영화관에서 봐야함 안봤으면 평생 후회할뻔 너무 재밌음 하...너무 재밌어서 눈물남,10
더 퍼스트 슬램덩크,청춘으로 회귀하는 그 시절 그 감성!!,10
더 퍼스트 슬램덩크,확실히  바빌론보다 낫다!  애니메이션이 이런 감성자극에 ㅠㅜ  몰입감은 처음인듯! 진작 볼걸 ㅠㅜ,10
더 퍼스트 슬램덩크,그냥 다시 볼 수 있다는 점에서 감동..,10
더 퍼스트 슬램덩크,보는사람마저 숨죽이게 되는 정적... 연출 미쳤음.,9
더 퍼스트 슬램덩크,"영화가 시작돼면서 경기가 시작돼고, 2시간의 길고 긴 경기후 경기가 끝나면서 영화가 끝난다.",1
더 퍼스트 슬램덩크,정말 오랜만에 가슴 울리는 영화였습니다. 오래된 만화책도 다시 꺼내게 만드네요.,10
더 퍼스트 슬램덩크,감사합니다 다케히코 센세..,10
더 퍼스트 슬램덩크,왼손은 거들뿐 빼고 모든게 최고,10
더 퍼스트 슬램덩크,최고의 스포츠애니메이션 극장영화,10
더 퍼스트 슬램덩크,진짜 리뷰 왜케 좋아서 나 낚으신거임?중2병 들어간 애니임.추억으로 보긴했고 감동조장 장면 인정하나. 극장서 보란건 2시간 고통버티기임 ,6
더 퍼스트 슬램덩크,재밌게 잘 봣어요 ㅎㅎ,9
더 퍼스트 슬램덩크,슬램덩크는 남자의 영화였다...,9
더 퍼스트 슬램덩크,오늘 6회차 갑니다 장기상영해주세요 제발,10
더 퍼스트 슬램덩크,진짜 손에 땀을 쥐게 하는 경기였어요,10
더 퍼스트 슬램덩크,같은 시대에 살아서 행복하다,10
더 퍼스트 슬램덩크,태어나지 않은년도로 가고싶습니다.,10
더 퍼스트 슬램덩크,자막 봤으니 더빙 봐야지~,10
더 퍼스트 슬램덩크,안보면 후회합니다...역대급영화...ㄷㄷ,10
더 퍼스트 슬램덩크,second 주세요,10
더 퍼스트 슬램덩크,송태섭 회상하는 장면은 매우 루즈하다,6
더 퍼스트 슬램덩크,지렸다 더빙판으로도 보고싶어요,10
더 퍼스트 슬램덩크,1990년도의 추억이 생각남.난 2003년생임. ,10
더 퍼스트 슬램덩크,중딩시절의 내겐 오빠였던 그들. 세월이 지나 그들의 엄마뻘이 되어서 뜨겁고 빛나는 시절의 선물을 받은 기분이였다. 붉은 손목밴드를 건네 받은 그의 엄마처럼. 초반 데생으로 한명씩 그려지기 시작할때 마음이 웅장해지면서 오열할뻔ㅜㅜ,10
더 퍼스트 슬램덩크,전 캐릭터이름만 알고갔는데도 감동이.. 남편은 옆에서 내내울고ㅠ,10
더 퍼스트 슬램덩크,"슬램덩크를 사랑한 이들에게 주는 최고의 선물,뻔한 결과에도 이렇게 감동을 주는게 또 있을까?마지막 몇분은 숨도 제대로 못쉬고 몰입했던 인생 최고의 만화이자 영화입니다",10
더 퍼스트 슬램덩크,만화책에서 느낄 수 있던 감동과 영화에서 느낄 수 있는 생동감이 합해진 영화 아닐까 특히 만화책에서 다루지 않았던 과거 얘기를 다루면서 캐릭터에 대한 입체감이 더해짐!,9
더 퍼스트 슬램덩크,서태웅 너무 잘생겼어요!!!!,10
더 퍼스트 슬램덩크,진짜 우리 어린 시절을 생각하게 하는...울컥함~ 이노우에 작가님 좀 더 해주세요~ ㅎㅎ,10
더 퍼스트 슬램덩크,아쉬운부분도있었지만 산왕전을 애니로본다는것만으로도10점,10
더 퍼스트 슬램덩크,재밌습니다 하나도 모르고 가도 재밌었어요,10
더 퍼스트 슬램덩크,3회차 관람했다... 지금까지 수많은 애니 명작들이 있었는데 그중에서 시간이 흘러서도 이토록 많은 사랑을 받는 작품이 슬램덩크인 덴 분명 이유가 있다. 사랑 받을 수밖에 없는 이유들이 영화 속에 다 들어 있음 오프닝 스케치와 대사 없이 이어지는 마지막 1분 동안의 승부 연출은 영화적 백미의 극한을 선사하니 다들 극장에서 꼭 관람했으면 좋겠다~,10
더 퍼스트 슬램덩크,보는 것만으로도 감동!,10
더 퍼스트 슬램덩크,나 진짜 평점 눈팅만 하는데 이거는 참지 못한다 누가 점수를 낮게 주었길래 이게 만점을 못받는거야~!,10
더 퍼스트 슬램덩크,"최근 본 영화중 1등입니다. 스토리,연출,구성 모두 완벽하다.청춘들이여 열정하라~",10
더 퍼스트 슬램덩크,너무 재미있어요~~~,10
더 퍼스트 슬램덩크,오랜 추억의 달달함...,8
더 퍼스트 슬램덩크,영화 평점 처음남겨보는데... 진짜 인생 영화입니다.,10
더 퍼스트 슬램덩크,송태섭.. 많이 힘들었구나..,10
더 퍼스트 슬램덩크,"초등 아들과 3번 봤습니다더빙, 자막, 더빙 순으로 봤는데자막 볼 때 살짝 지루해서 두번으로 끝내야지 했는데 더빙 한번 더보니 더빙이 답이구나!!!! 느꼈습니다또 봐도 지루하지 않고 아는 내용인데도 심장이 두근두근 합니다 조만간 4차 관람 하러 갑니다!!",10
더 퍼스트 슬램덩크,이거 보려고 만화 다 보구 봤는데요농구에 대해서 잘 모르는 저한테도 너무 감동이었습니다,10
더 퍼스트 슬램덩크,어머. 이건 N차 관람해야 돼.영화를 보다가 만화 대사를 육성으로 읊을 뻔한게 몇번이었는지 모르겠다. ㅠㅠ ,10
더 퍼스트 슬램덩크,재밌었음 옛 추억을 떠올리는 느낌,10
더 퍼스트 슬램덩크,오랜추억을 되새기려 찾은 영화관 만화다운 영상은 좋았으나 먼가 뚝뚝 끊어지는 스토리 전개가 지루하고 억지 감성은 이제그만...,4
더 퍼스트 슬램덩크,미쳤다 그냥..꼭봐야함,10
더 퍼스트 슬램덩크,미쳤다 그냥..꼭봐야함,10
더 퍼스트 슬램덩크,추억이 생생하게 살아나는 감동,10
더 퍼스트 슬램덩크,정말 졸려서 미치는줄 알았네...신파를 한편 보는게 나은듯.돈 아까워. 시간 아깝고. 이게 뭐냐.정말 재미있냐???,2
더 퍼스트 슬램덩크,진짜 미친 명작 그리고 가슴이 벅차오르는 막판의 원작 오마주들98년생인데 슬램덩크 끝 세대라 행운이었다.,10
더 퍼스트 슬램덩크,아이들과 보는데 30년가까이된 향수와감동의 여운이 아직 느껴지네요,10
더 퍼스트 슬램덩크,최고네요 원작을 보지않았는데도 느껴지는 울림이 있습니다.,10
더 퍼스트 슬램덩크,진짜 만화속의 레전드경기를  영상으로 볼수있다는것만해도 놀라웠지만 추가로 뛰어난 연출력.. ost 어울림 미쳤고.. 슛폼까지 그대로 재현하다니 완벽한 싱크로의 3d까지.. 그저 놀라워서 나도모르게 몇번이나 우와했는데 나말고 옆 다른관객들도 우와를 외치고있었다..,10
더 퍼스트 슬램덩크,이 영화는  정말로 최고다,10
더 퍼스트 슬램덩크,영원한 대만 오빠,10
더 퍼스트 슬램덩크,하남자 같은 상남자 불꽃남자 정대만,10
더 퍼스트 슬램덩크,30년전의 감동을 넘어선듯하다경기종료 1분의 적막속에서 무한한 감동을 느낄  수 있었다,10
더 퍼스트 슬램덩크,뚫어 송태섭 ㅠㅠㅠㅠ,10
더 퍼스트 슬램덩크,재밌었어요 뭔 공백을 채우래 또,10
더 퍼스트 슬램덩크,"송태섭 뚫어 하면서 제로감 OST 나올 때, 심장이 터질듯한 기분이였습니다. 2차 관람 예정입니다.",10
더 퍼스트 슬램덩크,최고의 순간은 언제였나요?,10
더 퍼스트 슬램덩크,살아움직이는듯한 인물들의 투혼에 연신 눈꼬리에 눈물이 맺혀 와이프볼까 훔치느라 혼났다,10
더 퍼스트 슬램덩크,잠을 참느라 죽을뻔햇어여참고로 저는여자..남자친구가 보자해서봄..,10
더 퍼스트 슬램덩크,아무 생각없이 보다가 너무 재미있었다..다음작 완전 기대중,9
더 퍼스트 슬램덩크,슬램덩크 원작을 본 사람이라면 감동 받을 거임.,10
더 퍼스트 슬램덩크,슬램덩크를 알려준 제자들과함께 수십년이지난 지금 다시함께 슬램덩크를보다니...뚫어.송태섭..잊을수없다 ㅠ다함께부둥켜안고 하늘올려다보는 태섭의 그위에 준섭이가환하게 웃고있었을듯 ㅠ,10
더 퍼스트 슬램덩크,"벅찬 감동, 숨 멎을 듯한 정적... 최고다",10
더 퍼스트 슬램덩크,영화의 끝을 향해 달려가면서 쫄깃함이 절정에 달아 마지막 5분동안은 숨도 쉬지 못했다는...,10
더 퍼스트 슬램덩크,다 아는 내용인데 이렇게 감동적일수가 있나...,10
더 퍼스트 슬램덩크,끝나고 나오는데 가슴 오지게 뛰더라 ,10
더 퍼스트 슬램덩크,원작을 모른 상태로 봐도 훌륭했다. 원작을 알고 보면 얼마나 뽕차오를까.,10
더 퍼스트 슬램덩크,오프닝 스케치 장면에서 이미 게임 오버~!!,10
더 퍼스트 슬램덩크,세대를 뛰어넘는 시대의 낭만,8
더 퍼스트 슬램덩크,어째서 봐도봐도 잼있는거지…..,10
더 퍼스트 슬램덩크,재밌어요 첫 등잔씬부터 감동 ㅠㅠ,10
더 퍼스트 슬램덩크,역시 슬램덩크!! 너무 좋았다,10
더 퍼스트 슬램덩크,울컥하게 만드는 추억의 만화,10
더 퍼스트 슬램덩크,마지막 부분에 숨참고 봤다. 진짜 오줌을 지릴뻔했다. 서태웅이남자로 보인다. 송태섭이남자로 보인다. 말로 허용을 못할정도로 최고다. 인생 최고의 영화.,10
더 퍼스트 슬램덩크, 마냥 행복하고 좋았던 그시절로 잠시나마 돌아갈수있어서 좋았어요,10
더 퍼스트 슬램덩크,지렸다,10
더 퍼스트 슬램덩크,"명작은 내용을 다 알고 봐도 명작이다,,",10
더 퍼스트 슬램덩크,"무엇보다, 원작인 만화의 감동은 그대로 옮겼던 점이 너무 좋았어요. 그리고 여러 사람들의 표정을 한 눈에 보이게 담아낸 연출들이 개인적으로 원작에서 좋았던 점인데, 이 작품은 영상인 만큼 그보다는 생동감, 속도감이 느껴지게 연출한 점이 또 다른 보는 맛이 있었어요.",10
더 퍼스트 슬램덩크,너무 잘 알고 있기에 Soso 완전 잊고 있었거나 희미하거나 책 안접한사람은 그나마 괜찮을듯??? 일본만화영화는 신카이가 채고당 끗. ,7
더 퍼스트 슬램덩크,원작이 가지는 위대한 힘 4회차 관람했습니다.,10
더 퍼스트 슬램덩크,아저씨들이 왜 좋아하는지 알수있는 명작 애니메이션,10
더 퍼스트 슬램덩크,제발 자막으로 보세요....실수로 더빙으로 봤는데 유치한 느낌 들어요,8
더 퍼스트 슬램덩크,뚫어!!!!        송태섭!!!!,10
더 퍼스트 슬램덩크,한나 나올때 오랫동안 못만난 옛친구 만난 기분이 들어서 뭉클했다... ㅜㅜ,10
더 퍼스트 슬램덩크,뚜러~~~~어어어어! 내 인생!,10
더 퍼스트 슬램덩크,이걸 극장에서 본 순간이 내 인생 최고의 순간이었네. 만들어주신  모든분들께 감사인사를 드리고싶네요.,10
더 퍼스트 슬램덩크,송태섭 형은 낚시갔다가 사망. 정대만 중1때만남. 산왕이기고 정우성이랑 미국가서 만남. 강백호얘기안나옴. ,10
더 퍼스트 슬램덩크,솔직히 보다 눈물좀 흘렸다,10
더 퍼스트 슬램덩크,일본애니메이션은수준높다...애니메이션을그닥좋아하지않는나도재미있게봤다...스토리와연출굿...평점은8.1점주고싶다...,8
더 퍼스트 슬램덩크,슬램덩크 좋아했던 남자분들.영화표값이 아깝지 않으실겁니다.,10
더 퍼스트 슬램덩크,최고였다... 후속편들 그려줫으면 ㅜㅜㅜㅜ,10
더 퍼스트 슬램덩크,영화 보는 내내 감동과 소름,10
더 퍼스트 슬램덩크,슬램덩크 만화를 안봤어도 처음 과 끝에 전율이!! 만화 다 챙겨보고 더 세컨드 나오길 기대해야지,7
더 퍼스트 슬램덩크,최고 최고 최고 최고 촤고,10
더 퍼스트 슬램덩크,재밌게 잘봤습니다,10
더 퍼스트 슬램덩크,원작 만화를 한번도 본 적이 없었는데도 영화 내용에 제대로 몰입할 수 있었던 영화이다.,10
더 퍼스트 슬램덩크,부정할수 없는 명작,10
더 퍼스트 슬램덩크,인생 최고의 영화...,10
더 퍼스트 슬램덩크,진짜 최고예요 보고나서 만화방가서 31권 정독했습니다.,10
더 퍼스트 슬램덩크,No1 가드 돌격대장 송태섭,10
더 퍼스트 슬램덩크,우리모두의 영광의순간,10
더 퍼스트 슬램덩크,막힌 내 삶도 꼭 마지막 돌파처럼 ,10
더 퍼스트 슬램덩크,영화 처음 시작 스케치로 송태섭 정대만 채치수 강백호 서태웅 걸어올 때 부터 눈물 났습니다. ,10
더 퍼스트 슬램덩크,왜 이런걸 보나...했다. 왜 이렇게 찬양하나 했다..영화를 보기 전까진....와;; 잘 만들었다 진심.이건 정말 봐도 후회 안한다!,10
더 퍼스트 슬램덩크,이 영화를 보기 위해 만화방에서 슬램덩크를 정주행 했다 그러고 극장에서 3번을 봤다. 근데 아직도 못 잊겠어서 전권을 사버렸다.. 위험한 영화다,8
더 퍼스트 슬램덩크,걍 쩔음 연출 너무 쩔어서 또 보고 싶음...,10
더 퍼스트 슬램덩크,"초딩용 버전이 되버린듯. 여러모로 원작만화와의 갭이 상당함. 루즈한 전개와 어색한 대사, 유치한 장면들이 많아 성인이 보기엔 제법 인내심을 요함. 첫장면과 후반부는 그나마 볼만하나, 슬램덩크 세계관을 2시간 짜리 짜집기로 보여주기엔 한계가 명확. ",5
더 퍼스트 슬램덩크,슬램덩크 처음 영화로 봤다 낭만 그 자체,10
더 퍼스트 슬램덩크,마지막에 경기끝나고송태섭이 하늘 올려다 볼때 코끝찡 ㅠ,10
더 퍼스트 슬램덩크,고딩시절 만화책의 감동이 무너질까 걱정하면서 보기를 주저한 내 자신이 우스워졌습니다.. 그저 많은 님들의 말씀처럼 이노우에님의 선물에 감동만 가득합니다…아… ㅜㅜ 무방비 상태로 봉인해제 되어버린 추억의 상자가 닫혀지질 않네요~ ㅜㅜ이 공식사이트의 베스트 댓글처럼..안 늙고 다시 튀어나와준 북산 5인방에게 너무나 고마운 마음입니다~~~나만 늙었어~~~!!! ㅜㅜ ㅋㅋㅋㅋ무한 감사~,10
더 퍼스트 슬램덩크,기대했던것보다 재밌어요,10
더 퍼스트 슬램덩크,최고다개봉한지 한달이 지났지만 또 보고 또 봄,10
더 퍼스트 슬램덩크,슬램덩크 원작을 본 적이 없는데도 너무너무 재밌었다,10
더 퍼스트 슬램덩크,간만에 인생 영화 하나 나왔네요. 슬램덩크가 있는 시대에 살아서 감사합니다.,10
더 퍼스트 슬램덩크,원작만화를 보지 않아서 지루할까봐 크게 기대하지 않고 봤는데 내용도 흥미진진하고 연출도 좋아서 재미있게 봤다.,10
더 퍼스트 슬램덩크,하 개재밌다 서태웅 존잘,10
더 퍼스트 슬램덩크,별 생각없이 봤다가 3번봤습니다,10
더 퍼스트 슬램덩크,"주연 5인방 이름, 대략적인 스토리만 알고 가도 충분히 정말 재밌게 본 작품... 영상미, 연출, 작화, OST 전부 최고 ",10
더 퍼스트 슬램덩크,슬램덩크를 몰랐지만 사람들이 열광할만한 포인트가 느껴졌다 3D 그림체라 이질감이 들 수 있는 걱정은 이 영화를 보고나서 해소됐다,10
더 퍼스트 슬램덩크,마지막 정적… 서태웅이 강백호에게 패스 이후 슛을 날리고 모두가 집중하고 있는 사이 내 앞자리 커플 남자가 여자한테 농구 버저비터 룰을 설명하더라 진짜 ㄷㄱㄹ 깨고싶은거 참았다 .. 지금도 화가난다 ㅋㅋ ,10
더 퍼스트 슬램덩크,꼭 만화책으로 접했던 사람들뿐 아니라 모두가 하나되어 북산을 응원하게 되는 영화..,10
더 퍼스트 슬램덩크,슬램덩크를 전혀 모르는데 인기라고 해서 봤습니다. 스포츠 경기 보는 듯한 긴장감의 연속이에요 훌륭합니다,8
더 퍼스트 슬램덩크,슬램덩크 산왕전 에피소드 이상 가는 만화 스토리가 나올 수가 있나? 모든 명장면 명대사의 집합체다.,10
더 퍼스트 슬램덩크,아쉬운 부분이 있었지만 단연 최고의 영화였다.,10
더 퍼스트 슬램덩크,영웅 보고 일본 만화 보기가 너무 힘들었어요 조국을 잊지 않기 위해서....,2
더 퍼스트 슬램덩크,슬램덩크를 본 적이 없어서 이해가 안될까봐 걱정했는데 극장판의 설명이 친절해서 바로 재밌게 볼 수 있었습니다 ,10
더 퍼스트 슬램덩크,평점에 조금 속은느낌이랄까..백호덕에 재미있었지만.. 울백호 분량이 너무적어 ㅠㅠ,7
더 퍼스트 슬램덩크,2시간동안 소년챔프를 모았던 그시절로 돌아간듯한.. 다시보고싶게 설랬다.,10
더 퍼스트 슬램덩크,처음부터 끝까지 가슴이 두근거리고 맘이 아려서 애들보여주러갔다가 내가 울컥하고 와 버림.나혼자 다시 재관람 해야할듯 ㅜ,10
더 퍼스트 슬램덩크,굉장히 재밌고 연출좋아요,10
더 퍼스트 슬램덩크,그시절 슬램덩크를 봤던 이들에게는 고마운 선물,9
더 퍼스트 슬램덩크,내가 왜 이런 뻔하고 유치한 3류 만화영화를 보고있는지...,2
더 퍼스트 슬램덩크,꼭 보세요. 재밌어요.,10
더 퍼스트 슬램덩크,"더빙, 자막 다 보고왔는데.. 정말 너무 재밌어요! 애니메이션에 이렇게 감동받은 건 처음입니다. 개인적으로는 더빙이 조금 오글거리긴 하지만 성우분들 연기면에서 더 좋았던 것 같아요! 정말 경기을 직관하는 것처럼 두근 거리고 우승의 영광과 청춘의 순간을 함께 느끼는 것 같았습니다. 마지막 하이라이트 정적 부분에서 떠들던 사람 뺨 갈길뻔 한거 참았네요^^ 매너 좀 지킵시다;; 전 더빙 먼저 보고 자막 또 보시는거 추천드려여",10
더 퍼스트 슬램덩크,글쎄요 졸았어요 재미없어요;;;,1
더 퍼스트 슬램덩크,최고의 감동이다 나의젊은시절이여 ㅠ,10
더 퍼스트 슬램덩크,태섭이가 NO1이 되는 과정울컥울컥하는 장면이 한둘이 아니었다,10
더 퍼스트 슬램덩크,"퍼펙트. 다른 설명이 필요 없어요, 그냥 완벽합니다.",10
더 퍼스트 슬램덩크,"보고 슬램덩크 입덕함,,처음엔 캐릭터가 3D 입체적이여서 실망했는데보니까 움직임이나 생동감이 더욱 생생해서 더 좋았음. 2번 봤는데 결말을 다 알고 봐도 그냥울음이 나오더라 ㅜㅜ강백호 웃음 포인트 많고 서태웅 잘생김 포인트 많고 채치수 감동 포인트 많고 정대만은 그냥 믿는거여.. 송태섭을 주로 풀어낸 스토리라 과거사 보면서 더 몰입한 듯.지금도 헤어나오질 못하겠음. 평소 줄거리 잘 몰라도 볼 수 있음. 그냥 심심하면 보셈. 심심 안해도 보셈. 아니 보지 마셈 라이벌을 더 늘리면 안되니까..",10
더 퍼스트 슬램덩크,너무재밌습니다`~~,10
더 퍼스트 슬램덩크,"진짜 지루해요… 만화책 안 본 사람도 농구팬된다는 소문듣고 왔는데, 이해 안되고 질질끌고 중간에 나가고 싶어서 혼났습니다.. 슬램덩크 만화 보신 분만 보시는게 좋을 듯",2
더 퍼스트 슬램덩크,만화책을 어렸을 때 보거나 어렸을 적 향수가 있는 사람들에게 추천드려요..주변에서 재밌다고 해서 봤는데 그다지 박진감 넘치거나 벅차오르는 기분은 아니고 한참 잔잔하다가 마지막에 잠깐 신납니다..기승전결 중에 기 승 기 승 기이이이이 승 기이이이 승…… 전결.. 이런 느낌이에요,2
더 퍼스트 슬램덩크,스케치로 시작해 걸어나오는 북산 스타팅 5인방과 왕좌에서 내려오듯 걸어나오는 산왕 5인방이 끝내주는 락 음악과 함께 등장하는 오프닝부터 심장이 터질듯 벅차올라 눈물이 날 것 같더라. 만화책을 보면서 수도없이 상상했던 살아움직이는 산왕전을 두 눈으로 보는 감동이 잊혀지지 않는다. 상상으로만 울려퍼지던 명대사들을 직접 듣는 순간 뜨거워지는 심장. 벅차오르는 ost.  4회차를 봐도 여전히 가슴이 뛴다.,10
더 퍼스트 슬램덩크,당장 농구하고싶게만드는 영화,10
더 퍼스트 슬램덩크,5번 정도 울컥했네요추억 청춘 이런 단어로는 도저히 표현이안되는 감동ㄷㄷ,10
더 퍼스트 슬램덩크,오래 살아갈 이유가 하나 추가..,10
더 퍼스트 슬램덩크,"슬램덩크를 극장에서 보는 날이 오다니,,,울 수 없어 겨우 참고 마음으로 울었습니다 더빙판으로도 한 번 더 감동을 느끼고 다시 오도록 하겠습니다",10
더 퍼스트 슬램덩크,슬램덩크 하나로 설명끝,10
더 퍼스트 슬램덩크,"K 웹툰,애니는 슬램덩크 하나로만으로도 제압 가능.반일하던 애들도 재밌다고 난리치더라구요?",10
더 퍼스트 슬램덩크,진짜 최고다..캐릭터들 움직임부터 연기하나하나 너무 잘만들어놨다...,10
더 퍼스트 슬램덩크,그 시절 우리들의 최고의 만화,10
더 퍼스트 슬램덩크,명작은 명작인 이유가 있다 역시,10
더 퍼스트 슬램덩크,애니안에 인생이 담겨져 있다.당신의 편견을 부술 것이다.,10
더 퍼스트 슬램덩크,2번보고 싶어요OST 도 최고에요,10
더 퍼스트 슬램덩크,옆에 있던 남자들 코감기인가 했는데 알고보니 우는거 였음 ㅋㅋㅋ 남자들은 거의 다 울컥했을꺼고 아이들은 강백호 보는 재미에 빠졌다. 강수진 성우님 코난이랑 겹쳐 보일까 걱정했는데 아니였다. 역시 프로다.,10
더 퍼스트 슬램덩크,내 생에 산왕전을 애니로 보게 될 줄은...  하이파이브를 보게 될 줄은.... 감격스럽다. 1년에 한편씩 다른 아이들 미래 보고싶네요. 개인적으론 윤대협 전국대회 진출 후 세상은 반응 같은게 진짜 보고싶었는데...,10
더 퍼스트 슬램덩크,진짜개고퀄로 나옴 이건 무조건 영화관에서 봐야돼요..코딱지만한 화면으로는 이 감동을 다 느낄수없어..,10
더 퍼스트 슬램덩크,진짜 너무 재밌어요 내용 1도 몰랏던 중딩인데 너무 재밋고 서태웅존잘,10
더 퍼스트 슬램덩크,시대의 에센셜은 영원하다.,10
더 퍼스트 슬램덩크,"오늘까지 세 번. 학창시절 강백호 서태웅 채치수 세 사람 이름밖에 모르고 21권 딱 한 권만 읽었는데 어쩌다 그 시절에 안읽었는지.. 결국 이번에 만화책 다 사서 읽고 오늘 세 번째로 봤는데 보면 볼수록 더 좋다. 어쩌다 더빙판만 세 번 봤는데, 자막으로 한 번 더 볼 예정. 또 봐도 감동이 사그라들지 않고 오히려 더 커지는 건 뭐지.. 강백호 사랑해",10
더 퍼스트 슬램덩크,진짜솔직하게 리뷰하면너무 전개가 지루했음 리얼100프로송태섭이야기는 너무잼없었음강백호나올때만 재있었음,1
더 퍼스트 슬램덩크,다 진짜 짱ㅜ송태섭네 스토리도 미쳤고 다 미첬따ㅜ 이번에 처음으로 농구라는 스포츠를 접하는데 넘 좋은것같다ㅜ 진짜 강추,10
더 퍼스트 슬램덩크,왜 평점높냐? 나 진짜 지루해서 죽을뻔했는데...,1
더 퍼스트 슬램덩크,내인생 가장 행복했던 시절 그때 그 감동 그대로 ,10
더 퍼스트 슬램덩크,ost도 좋고 진짜너무 재미있었다!! 만화책도 샀음..,10
더 퍼스트 슬램덩크,캐릭터들과 같이 코트에 서 있는 기분이었습니다. 처음부터 끝까지 심장이 미쳐날뛰는 영화..,10
더 퍼스트 슬램덩크,슬램덩크. 2기 나오길….,10
더 퍼스트 슬램덩크,잊고 살았던 우리 시절의 슬램덩크..다시 한번 가슴을 뛰게 만드네요. 2번 봐도 감동은 3배 이상입니다?! ,10
더 퍼스트 슬램덩크,멈출 수 없는 긴장감과 감동적인 스토리가 함께 어우러져 하나의 멋진 작품을.,10
더 퍼스트 슬램덩크,오래 살아야 해.. 오래 사니깐 산왕전도 영상으로 보잖아..,10
더 퍼스트 슬램덩크,만화를 먼저 보고 보시길,10
더 퍼스트 슬램덩크,언론플레이할만큼 재미나지않음언제끝나지 하고 시간체크 12번정도함산왕과의 대결도 그닥 긴장감도 없고 넷플에 있는 슬램덩크 만화 다시보는게 훨 나은듯,4
더 퍼스트 슬램덩크,최고! 다른 말은 안떠오름..,10
더 퍼스트 슬램덩크,당신의 전성기는 언제인가요?  난 지금입니다.,10
더 퍼스트 슬램덩크,시간이 지금보다 더더 흘러도 슬램덩크는 초우주명작으로 남으리.,10
더 퍼스트 슬램덩크, 평론가들은 8점이상 못주나요?,10
더 퍼스트 슬램덩크,너무너무재미있었고  송태섭이너무너무멋있어요두세번봐도재미있을것같아요 강력추천해요.,10
더 퍼스트 슬램덩크,애니에 감정이입이 되는건 정말 오랜만이다,10
더 퍼스트 슬램덩크,진짜 만화책으로 보던 감동을 다시 꺼내주었다,10
더 퍼스트 슬램덩크,"1.박진감이 있는 경기 연출, 작화는 수준이 높다.2.스케치형식으로 캐릭터들의 걷는 모습이 루프되면서 시작되는 연출이 매우 좋았다.3.경기 장면 마지막 공격에서의 시간이 빨리가는듯한 연출이 좋았다.4.경기도중에 플래시백(과거 회상)이 잦아서 경기의 흐름이 계속 끊긴다. 경기에 몰입하려고만하면 회상이나오는 것이 반복되어 아쉽다.5.직관적인 신파가 아쉽다. 과거 형의 영상을 보는 어머니가 아니라, 어머니가 과거 형의 영상을 다 본 뒤에 깜빡하고 빼두지 않은 CD를 송태섭이 보는 것이 더 좋았을 듯하다.6.캐릭터들을 다 보여주기 위해 경기도중에 급작스러운 여러 캐릭터의 과거를 보여줬던 것이 몰입에 약간 방해가 되었다.차라리 송태섭의 과거와 경기 위주로 진행이 되고, 타 캐릭터들은 경기중에서의 특징,성격을 부각시켜주는 것이 더 좋았을듯 하다.",8
더 퍼스트 슬램덩크,자동으로 뽕이 차오르는 영화,10
더 퍼스트 슬램덩크,원작러들이 보면 조금 아쉽고 원작 모르면 정말 재밌게 볼 수 있는 영화. 개인적으로 더빙이 제일 아쉬웠는데... 자막판까지 봐봐야 더빙을 잘한건지 못한건지 알 수 있을 거 같다. 근데 그거 감안 해도 슬램덩크 더빙은 스브스 때가 최고였던거 같다. ,8
더 퍼스트 슬램덩크,일본만화들 실사화하지말고 이렇게 수준급 애니로 다시 만들어 줬으면 좋겠다!,9
더 퍼스트 슬램덩크,첫사랑에게 평점 9를 주는 바보는 없어..,10
더 퍼스트 슬램덩크,실사 영화보다 감동적인 최고의 명작. 관람 필수.,10
더 퍼스트 슬램덩크,어렸을때 추억을 완벽하게 재현송태섭의 새로운 이야기까지 완벽왼손은 거들뿐~ㅜㅜ,10
더 퍼스트 슬램덩크,"연출, 음악, 스토리 다 좋았다. 물론 나는 만화를 다 봐서 아는 내용이었다. 하지만 새로운 자극을 느낄 수 있었다. 처음 보는 사람도 많이 배려해서 만들어낸 느낌도 있었다. 물론 원작을 알면 더 재밌게 볼 포인트도 아쉬운 포인트도 있을거 같다. 하지만 처음 보는 사람들을 충분히 뜨겁게 만들 수 있을것이다. ",9
더 퍼스트 슬램덩크,최근 봤던 영화들 중 가장 최고였어요..재밌어서 두번봤어요,10
더 퍼스트 슬램덩크,그냥 보는 내내 뭉클하고 그림체들이 너무 예쁨 ,10
더 퍼스트 슬램덩크,꺽이지 않는 마음..이라고 초5 아들래미가 얘기할 정도로 집중하며 봤음.,10
더 퍼스트 슬램덩크,고딩때 봤던 만화책의 감동이 그대로 생각난다.. 만화책을 구매해야겠다..,10
더 퍼스트 슬램덩크,그시절 우리는 슬램덩크였다!!!! 영화감상 후 바로 만화책ㄱㄱ,10
더 퍼스트 슬램덩크,지루해죽는줄....여친이랑 보러갔다가 중간에 나옴....,2
더 퍼스트 슬램덩크,"비로소 형에대한 그리움을, 트라우마를 이겨낸다몸을 바쳐 날리는 강백호와 모든 선수 각자의 두려움을 이겨내는 한판승",8
더 퍼스트 슬램덩크,"촌각을 다투는 농구 경기 중간중간에 되도 않는 드라마 삽입해서 흐름 뚝뚝 끊어먹고, 대사는 하나같이 오글거리며, 버저비터 엔딩까지 클리셰로 떡칠돼있음.영화 들어갈 때 시작한 경기 하나로 끝까지 끌 줄은 상상도 못했다.평점은 대부분 알바이니 여러분의 시간과 돈을 아끼기 위해 믿고 거르시길. ",1
더 퍼스트 슬램덩크,3d 애니메이션이라 별로일까 걱정했는데 생각보다 엄청 재밌게 잘봤네요,10
더 퍼스트 슬램덩크,영화가 잘생겼고 서태웅이 재밌었어요,10
더 퍼스트 슬램덩크,노재팬하던 ㅆㄹㄱ들은 이거 안봣지?,10
더 퍼스트 슬램덩크,보는 내내 목이 메었습니다. 이유는 모르겠습니다.,10
더 퍼스트 슬램덩크,소년과 농구 그자체다 20대때 본게 행운,10
더 퍼스트 슬램덩크,평소에 보던 유쾌하고 긴장되는 연출이 아니라 번외버전같다 송태섭 가정환경과 농구에 대한 의지 끈기를 드라마로 풀어냈고 그 전에 별로 관심없던 친구에 대해 알아본 계기가 된것 같다 재밌고 좋았고 감동도 있었지만 우리 백호 분량 적어서 어떡하지 난 백호 보려고 간건데 ,10
더 퍼스트 슬램덩크,"어린시절의 추억이 눈 앞에서 동화로 움직인다. 그저 눈앞에 펼쳐지는 영상과 음악 그리고 드라마를 묵묵히 바라보는 것 만으로 힐링과 위안을 받는다. 원작자가 얼마나 이작품을 사랑하고, 정성을 들였는지 오프닝부터 엔딩까지 모든 장면에서 느껴진다.보세요. 그 이상의 감상평은 필요없을 것 같아요.",10
더 퍼스트 슬램덩크,최고최고최고최고최고,10
더 퍼스트 슬램덩크,재밌네요 스토리는 모르고 봤는데 감동적이었습니다,10
더 퍼스트 슬램덩크,감동 그자체 입니다 ㅜㅜ 추억이 새록새록,10
더 퍼스트 슬램덩크,진짜 이럴 거야...? 보다가 중간에 나왔네..,2
더 퍼스트 슬램덩크,웅ㅡ장해집니다따흑!!!,10
더 퍼스트 슬램덩크,내인생 최고의 만화 어린시절 감동을 다시 받은.. 역동적인 경기장면도 좋았어요 가슴이 웅장해짐이걸 계기로 스핀오프 계속 나왔으면!,10
더 퍼스트 슬램덩크,기대안했는데 너무 재밌었다! 최고최고,10
더 퍼스트 슬램덩크,사랑해…영원히좋아할게……,10
더 퍼스트 슬램덩크,오르른ㄷㄹ?리니니딛,10
더 퍼스트 슬램덩크,안보면 인생손해임 ㄱㄱㄱ,10
더 퍼스트 슬램덩크,녀석들... 여전하구나,10
더 퍼스트 슬램덩크,스토리는 좋았지만 산왕전 팬으로서 감동은 떨어짐 ㅡㅜ,8
더 퍼스트 슬램덩크,진짜 개존잼 두번 봤음ㅠㅠ,10
더 퍼스트 슬램덩크,또 보러가야지!!!정말 재밌어요ㅠㅠ,10
더 퍼스트 슬램덩크,야 이걸 2시간 넘게 질질 끈다고..?,1
더 퍼스트 슬램덩크,그냥 졸라 재밌음…근 3년 내 봤던 영화중 제일 재밌음,10
더 퍼스트 슬램덩크,속았다  최악의 영화  절대보지마,2
더 퍼스트 슬램덩크,나의 아기원숭이 강백호…,10
더 퍼스트 슬램덩크,나중에 나도 커서 자식을 데리고 이렇게 보러올수있는 영화가 많아졌으면 좋겠다,9
더 퍼스트 슬램덩크,눈물이 안날줄 알았는데 눈물이 났다,10
더 퍼스트 슬램덩크,모든 내용을 알고 보니 흠 쏘쏘했네요.,8
더 퍼스트 슬램덩크,다 알고있는 내용이지만 그럭저럭 재밌게 볼수있었음 그치만 ost가 예전 한국 감성이 아니라 아쉬움,8
더 퍼스트 슬램덩크,화장실을 가고 싶었는데 못갔습니다..,9
더 퍼스트 슬램덩크,아이씨 왜 자꾸 눈물이 나냐,10
더 퍼스트 슬램덩크,뚫어~~~~송태섭 촥고,10
더 퍼스트 슬램덩크,오프닝 씬에서 이미 100% 만족,10
더 퍼스트 슬램덩크,극장에서 안봤으면 후회했을듯여,10
더 퍼스트 슬램덩크,소오름!! 역시 슬램덩크!!!,10
더 퍼스트 슬램덩크,그저 갓… 리뷰 처음 남기는데 정말.. 최고임,10
더 퍼스트 슬램덩크,두근거림^^슬램덩크를 볼때의 감정과 송태섭의 새로운 이야기. 지루할 틈없이 가슴 두근거리며 보고 왔어요^^,10
더 퍼스트 슬램덩크,어릴적 즐겨보던 만화가 책을 찢고 나와 영상으로 재탄생했다,10
더 퍼스트 슬램덩크,만화책과는 또다른감동무조건 보세요 !,10
더 퍼스트 슬램덩크,후속작 더 나왔으면 좋겠다,10
더 퍼스트 슬램덩크,ost가 정말 가슴뛰게 만드네요..,10
더 퍼스트 슬램덩크,슬램덩크 아무것도 모르고갔는데 보자마자 빠져버렸어요 소장하고싶은영화네요,9
더 퍼스트 슬램덩크,나의 영원한 북산고 농구부ㅠㅠ,10
더 퍼스트 슬램덩크,"3d 애니메이션의 혁신, 농구 코트의 열기가 느껴지는 최고의 연출",9
더 퍼스트 슬램덩크,나 아직 울수 있구나..나도 소년이었지,10
더 퍼스트 슬램덩크,너무 재밌음... 평점 왜 10점이 끝인거죠,10
더 퍼스트 슬램덩크,작화 스토리 연출 모두 너무 훌륭하네요! 웰메이드 애니메이션 너무 감사합니다.,10
더 퍼스트 슬램덩크,아바타 세번 봤습니다 슬램덩크는 단 한번으로 족합니다 이 격한 감동을 다시 느끼고 싶지 않아요 스스로에게 봉인해제 합니다 ,10
더 퍼스트 슬램덩크,"슬램덩크 만화 본 적 없고 향수도 없어서 뭐가 재미있다는 건지 감이 없고 농구에서 더블 드리블하면 상대 진영으로 공이 뺏긴다는 건 알았네요 슬램덩크 본 적 없고 농구 모르면 그 정도로 재미있진 않는 듯...나의 이름은, 하울의 움직이는 성 수많은 애니 는 재미있게 봤는데도요 그런데 아들은 슬램덩크 만화 봐서 영화가 너무 재미있었다네요 남편과 저는 아들이 느낀 재미는 소소, 감동은 없었어요",8
더 퍼스트 슬램덩크,"더빙,자막 2번 봤습니다. 최고예요 ",10
더 퍼스트 슬램덩크,진짜 어릴때 오빠들이 1편부터 마지막 산왕전까지 만화책을 사놔서 10번 이상 본 슬램덩크... 감동... 근데 잘모르는 20대 MZ세대 여자들... 제발 극장에서 경기 보는것 처럼 호들갑에 응원 좀 하지 말아라 시끄러워서 너 진짜 때릴뻔 했다!!,10
더 퍼스트 슬램덩크,그냥 모르고 봐도 재밌고 알고 보면 진짜 재밌는 영화인듯 합니다. 최근 3년동안 봤던 영화 중 가장 감명 깊었고 가장 감정이입이 되었던 영화 였습니다. 특히 만화 그림체 그대로 3d 애니메이션을 만든것이 너무 훌륭하다고 생각합니다. 어색함 하나도 없고 퀄리티가 원작 고증을 그대로 했다고 봐도 될 정도로 똑같습니다. 더빙판 자막판 둘다 좋은 것 같습니다. 저는 더빙판으로 봤는데 성우진 분들이 워낙 잘하셔서 개인적으로 몰입이 깨지는 일 없이 감정선이 쭉 유지되면서 봤었습니다. 너무 추천 드립니다. 후회 없으실 겁니다.,10
더 퍼스트 슬램덩크,소리없는 마지막 강백호 골장면에서 남자들의 흐느낌을 느꼈다,10
더 퍼스트 슬램덩크,한번쯤 본다면 더빙판을 생각했었는데 탁월한 선택이었음. 1996년에 머물러있는 슬램덩크의 그들이 다시 움직이기 시작했다가 맞겠네요.,10
더 퍼스트 슬램덩크,진짜 미쳤다 역대급 인생영화,10
더 퍼스트 슬램덩크,역시 슬램덩크 내 인생 ㅋㅋ,10
더 퍼스트 슬램덩크,초등부터 어른까지 ...재밋음.  ,10
더 퍼스트 슬램덩크,불꽃남자 정대만...,10
더 퍼스트 슬램덩크,말로만 슬램덩크를 접해보고 처음 본 영상물이었는데도 불구하고 이해도 잘 되고 연출이나 OST 정말 좋았습니다,10
더 퍼스트 슬램덩크,말해뭐해...그 중 ost는 기가막히게 잘 뽑음 ,10
더 퍼스트 슬램덩크,그 옛날의 감동 그대로...순간 10대로 돌아간 그 감동더빙/자막 둘다 좋습니다.,10
더 퍼스트 슬램덩크,삼천번볼래요 저농구1도몰랐는데지금농구만화만보고있어요슬램덩크최고에요,10
더 퍼스트 슬램덩크,그냥 보세요. 눈물 왈칵,10
더 퍼스트 슬램덩크,초면인데 좋았어요 또볼의향있어요,10
더 퍼스트 슬램덩크,애니를 안보는 아내도 재미있다고 그러네요,10
더 퍼스트 슬램덩크,그냥 미쳤습니다.. ㅋㅋ 아직도 떨리네요,10
더 퍼스트 슬램덩크,진짜 연출이랑 ost 작화 뭐 하나 빠지는게 없음Ost가 나오는 부분은 싹다  간지특히 뚫어 송태섭은 진짜 와,10
더 퍼스트 슬램덩크,강백호 회상씬에서 눈물터져버렸다,10
더 퍼스트 슬램덩크,옛 젊은이와 현 젊은이 모두에게 울림을 줄 수 있는 북산고 농구부 5인방!,10
더 퍼스트 슬램덩크,경기한편 보고온듯 시간가는줄 모르고 봤습니다 추천해요,10
더 퍼스트 슬램덩크,송태섭 존나 멋있다 시발,10
더 퍼스트 슬램덩크,진짜 개재밌습니다………… 슬램덩크 안 본 사람들은 과몰입하기 힘들듯,10
더 퍼스트 슬램덩크,스토리가 쥐어짜는 내용이 계속이고 과거 현재이야기가 계속 반복하니 졸다 나왔는데 나만 그런건가 ,4
더 퍼스트 슬램덩크,어린 시절의 슬램덩크의 감동이 그대로 전해짐...ㅠ 뭐 근데 슬램덩크 만화 안 본 사람들은 잘 모를듯ㅋ,10
더 퍼스트 슬램덩크,설명이나 진행 방식이 매우 불친절하며중간 중간 송태섭의 내용이 흐름을 끊어방해를 받는 느낌이 불편할 정도였음. 거기에 팬들이 기대했던 장면들의 편집과 북산의 좌절과 감정기복이 사라진 안감독의 연출은 좀더 극적인 상황 연출을 못 만든 느낌이 있지만 그럼에도 흥미진진함 심지어 마지막 5분에서는 숨을 쉬어야 한다는 생각 조차 못하였고 특히나 사운드를 없애고 경기를 진행 시키는 연출에서 몸의 모든것이 스크린에 집중되는 느낌을 받았음 PS: 오랜 세월이 흘러 성형 부작용으로 얼굴이 흘러내린 소연이는 가슴이 아팠음. ,8
더 퍼스트 슬램덩크,최고였다. 슬램덩크 추억이있는곳,10
더 퍼스트 슬램덩크,감동 연출 다좋고가슴도 벅차오르는데.  경기를 너무 끊어먹고 회상으로 들어감.경기 흐름이나 박진감 등 경기 자체에 몰입하고 싶었던 사람에겐 호불호가 갈릴듯.경기는 왠만하면 붙여서 보여주지...더빙보는중 가장 기대했던 중요한 대사도 묵음처리..장면 긴장감 극대화시키는 연출..이해는 되는데..그 대사를 입모양만 뻐끔거리면...후.. 회상걷어내고 경기만 붙은거 다시 보고싶네요 ,8
더 퍼스트 슬램덩크,중딩 고딩  내 아이들과 함께 볼 수 있다니...미쳤다!!!정말 찐!!!!  고작 만화잖아~그럴수있다..근데 관객들은 숨도못쉬고 한 마음으로숨소리도 느껴지지않을 정도로 진지했었다!!40대줌민인 나도 여러 관객도 울었다..ㅎㅎ,10
더 퍼스트 슬램덩크,"이제는 40대 중반을 달려가는 나, 영화를 보다가 나는 눈물은 감동적인 스토리 때문인지 청춘에 대한 그리움인지 모르겠다. 최고다!!!",10
더 퍼스트 슬램덩크,원작을 안보고 봐도 재밌었다,10
더 퍼스트 슬램덩크,최고의 농구만화가 부활했다,10
더 퍼스트 슬램덩크,미쳤어 미쳤다구우우우우ㅜ 돌았어,10
더 퍼스트 슬램덩크,엄마는 왜 늙지 않는가??내가 중학생이었던 시절 그마음처럼…,10
더 퍼스트 슬램덩크,책 보단 못하지만 숨어있던 공간을 본것 만으로도 만점입니다 ,10
더 퍼스트 슬램덩크,학창시절 TV에서 봤던 추억이 새록새록 최고에요.,10
더 퍼스트 슬램덩크,말이 필요없다... 슬램덩크가 농구 만화라는 것만 알고 간 내 친구도 재밌게 봄 ,10
더 퍼스트 슬램덩크,극장판보려고 슬램덩크 공부하고 봤다 역시 대작은 대작이다,8
더 퍼스트 슬램덩크,이노우에 다케히코 짱!,10
더 퍼스트 슬램덩크,두근두근.. 두근구근.. 두근두근..영화 막바지 정적이 흐를 때사람들의 심장소리가 들려왔네요!,10
더 퍼스트 슬램덩크,이노우에 다케히코 최고,8
더 퍼스트 슬램덩크,슬램덩크에 대한 배경지식 없이도 재미있게 보고 왔습니다. 연출이 뛰어나서 2시간이 짧게 느껴졌습니다.,8
더 퍼스트 슬램덩크,기대보다 별로였던 영화. 원작을 안봐서 그런가 농구를 안좋아해서 그런가.... 스토리 라인들을 보여주는데 공감도 안되고 지루함이 느껴졌음. 잘만든건 확실하지만 한국 특유의 물타기 효과를 톡톡히 본거 같다,7
더 퍼스트 슬램덩크,억지 감동 좀 적당히...,1
더 퍼스트 슬램덩크,명장면 애니로 보니 너무 재밌다  세컨드 슬램덩크도 해줘,8
더 퍼스트 슬램덩크,되도않는 덩크가 꿈이었던 시절이...인생영화!!! ,10
더 퍼스트 슬램덩크,그저 최고.. 그저 goat,10
더 퍼스트 슬램덩크,감동적이다.실화입니까...,10
더 퍼스트 슬램덩크,잘 봤습니다 한 번 더 보고 싶네요,10
더 퍼스트 슬램덩크,보는 내내 계속 눈물이… 40대 중반 벌써 갱년긴가 ,10
더 퍼스트 슬램덩크,대박이다...와....,10
더 퍼스트 슬램덩크,극장가서 영화 두번보는 덕후들 이해 안가하는 사람인데 내가 그짓을 하고있네 ㅎ,10
더 퍼스트 슬램덩크,한 10년만에 제 의지로 영화관을 찾게 되는 그런 영화였습니다 다음편이 언제 또  나올지 모르겠지만 그때는 바로 연차내서 볼께요,10
더 퍼스트 슬램덩크,라스트 1분은 물론이고 그 전 빌드업부터 최고입니다,10
더 퍼스트 슬램덩크,추억을 떠올리게 한것만으로도 충분하다,10
더 퍼스트 슬램덩크,진짜 몰입하면서 봤음 꼭 보세요 그시절 감동이 밀려옵니다,10
더 퍼스트 슬램덩크,뚫어 송태섭~!!!!,10
더 퍼스트 슬램덩크,진짜 존나 재미있다...,10
더 퍼스트 슬램덩크,아 미쳤다 가슴이 두근 두근....,10
더 퍼스트 슬램덩크,일본 만화에는 낭만이 있다,10
더 퍼스트 슬램덩크,역시 av 와 애니메이션은 일본이. ,10
더 퍼스트 슬램덩크,집에가서 만화책 확장판 전권 다 구매해서 다시봐야지.. 감덩 또 감동...중간에 약간 지루한부분이 있긴하나 존나 재미있음...,9
더 퍼스트 슬램덩크,작년 올해 통틀어서 최고,10
더 퍼스트 슬램덩크,어릴적 순간들이 떠오르며 소름돋는 장면이 꾀있네요,10
더 퍼스트 슬램덩크,평가는 다들 주관적이겠지만 너무 부풀려진듯.어릴때 만화로 본 정도의 재미나 감동은 없다. 영화 볼 돈으로 만화 빌려서 한번 더 보는게 나을듯 엔딩에 zard 노래만이라도 넣어줬으면 좋았을거 같은데,4
더 퍼스트 슬램덩크,슬램덩크 앞 뒤 내용 하나도 모르고 봤는데 진짜 처음부터 끝까지 계속 집중햤너요 ㅜㅠ 계속 생각나서 극장가서 2번이나 봤다구여 퓨ㅠ ,10
더 퍼스트 슬램덩크,애니보다가 울뻔한건 처음..,10
더 퍼스트 슬램덩크,2편도 제작해주세요너무 재미있어요,10
더 퍼스트 슬램덩크,산왕전 전까지 원작을 읽고가서 더 긴장감있게 봤음,10
더 퍼스트 슬램덩크,월드컵 이후로 이런 짜릿함은 처음입니다,10
더 퍼스트 슬램덩크,&amp;#34;송태섭 뚫어&amp;#34;에서 끝났다 ㄹㅇ 개지린다,10
더 퍼스트 슬램덩크,정적을 이렇게 잘활용한 영화는 처음영화관전체가 숨죽이고 화면만보게하는마력,10
더 퍼스트 슬램덩크,시작할때부터 끝날때까지 울면서 봤다..,10
더 퍼스트 슬램덩크,옛날 학창시절의 나로 돌아가 가슴벅참을 느낌 ~~ 그시절 슬램덩크 입문하게 도와준 오빠에게 감솨 ♡,10
더 퍼스트 슬램덩크,기존 스토리도 잘 살린 상태에서 새로운 스토리를 잘 삽입하여 감동과 신선함이 함께 있음.마지막 장면의 소리 연출도 긴장감을 극대화하기에 좋았음,10
더 퍼스트 슬램덩크,짝짝짝 너무 감동이었어요오랜친구를 만나고 온 느낌 최고,10
더 퍼스트 슬램덩크,이것이 아니메다!,9
더 퍼스트 슬램덩크,지린다....울었다,10
더 퍼스트 슬램덩크,강백호. 최고♡너무 감동적이였어요.,10
더 퍼스트 슬램덩크,보는 내내 전율이 와 참을수가 없었다,10
더 퍼스트 슬램덩크,후회 안하니까 당장 달려가서 보십시오.,10
더 퍼스트 슬램덩크,끝날때 한분이 박수치니 따라들 박수치고 나왔다. 추억이새록새록 좋았어요,8
더 퍼스트 슬램덩크,"중간에 화장실을 가고 싶은 마음이 있었지만, 그것도 참을만큼 내 인생작을 찢어버렸다ㄷㄷ...",10
더 퍼스트 슬램덩크,미친작화와 과거생각이나서 자꾸눈물이맺혔네요  ,10
더 퍼스트 슬램덩크,만화를 안보고 처음 영화를 봤는데진짜 재밌게 봤어요 공 소리가 벅차오르더군요….완전 강력추천합니다!!!,10
더 퍼스트 슬램덩크,인물이 살아움직인다.,10
더 퍼스트 슬램덩크,하 방금 심야로 보고왔는데 진짜너무 재밌어요.. 태섭이형 후반 돌파 뚫었을때진짜 감동적이여뜸 라스트 1분은 진짜영화관 숨소리도 안들리고 ㅠㅠ,10
더 퍼스트 슬램덩크,남자들의 심장이 뛴다...,10
더 퍼스트 슬램덩크,작화가 미쳤음,10
더 퍼스트 슬램덩크,또 보고 싶다!또 보고 싶다!또 보고 싶다!,10
더 퍼스트 슬램덩크,슬램덩크만이 가진 감성을 다시 한번 느낄 수 있었다.스토리는 뻔하지만 아는 맛이 무섭다는 말도 있듯 명작이었다.영상도 영상이지만 매 상황에 맞는 음악이 정말 매력적이었음.,10
더 퍼스트 슬램덩크,최고의 영화입니다...,10
더 퍼스트 슬램덩크,3회차 관람이지만 또 보고싶네요!!,10
더 퍼스트 슬램덩크,재미있었어요~ 굿,10
더 퍼스트 슬램덩크,만화를 본적없어 백지 상태로 봤는데 눈물나게 슬프거나 감동까진 아니고 응원하게 되는 영화,8
더 퍼스트 슬램덩크,하….. 개명작 슬램덩크…,10
더 퍼스트 슬램덩크,완벽한 영화인것같음 완벽하다는말밖에 안나옴,10
더 퍼스트 슬램덩크,산왕과의 경기가 끝나기까지 마지막 10초 남짓한 시간을 0.01초 단위로 쪼개서 스피디하게 속도감을 표현한 장면은 10번이고 20번이고 다시 보고 싶다. 왼손은 거들뿐이라는 강백호의 읊조림은 슬램덩크 팬이라면 무음이어도 들렸을 것이다 감동이 폭발하고 끝을 알기 때문에 다시 가슴이 쓰라렸다.. 꼭 그렇게 서둘러 끝내야만 했나요?... 백호라는 어리고 출중한 선수를 그렇게 빨리 내려놓게 만들면서 까지... 슬램덩크를 멈춰야만 했는지.. 가장 좋아하지만 그래서 가장 아쉬움과 여운이 많이 남는 만화,9
더 퍼스트 슬램덩크,명작입니다. 자신있게 추천드립니다.,10
더 퍼스트 슬램덩크,2시간안에 스토리를 다넣기는 부족했지만변덕규 안나와서 섭섭했다 ㅋㅋ산왕전보다  송태섭 이야기였으니 뭐즐겁게 봤네  아~~~~,10
더 퍼스트 슬램덩크,원작을 모르고 봤지만 왜 그리운 느낌이 드는지 모르겠고 그저 가슴 뛰었던 영화,10
더 퍼스트 슬램덩크,아이들과 다시 봐야하는데 언제까지 할것인가?,10
더 퍼스트 슬램덩크,옛날 만화책에서 보던 캐릭터에 음악과 에니메이션으로 생명을 불어 넣었다. ,10
더 퍼스트 슬램덩크,추억 재탕이긴 하지만 최고다,10
더 퍼스트 슬램덩크,무적권 10점 진짜 가슴을 울린다,10
더 퍼스트 슬램덩크,농구에 열광하던 젊은이들은 이제 부모가 되었고 그들의 자식들은 다시 농구에 열광하게 만든 영화,10
더 퍼스트 슬램덩크,옛날 생각도 나고 진지한데 재미있네요 무대인사 있어서 가수 박상민도 봤습니다ㅋ 남녀노소 강력 추천드립니다,10
더 퍼스트 슬램덩크,강백호 겁나 멋있음또보고싶음,10
더 퍼스트 슬램덩크,기대 이상으로 재밌게 봤습니다. 애니로 농구하판을 제대로 표현했네요,10
더 퍼스트 슬램덩크,그냥 미쳤습니다 꼭 보세요,10
더 퍼스트 슬램덩크,진짜 찡했습니다 꼭 극장에서 보세요 처음 스케치부분 감동먹었습니다 한번만보지마시고 꼭 다회차 관람하세요!,10
더 퍼스트 슬램덩크,울다가 오열했다. 알고봐도 최고,10
더 퍼스트 슬램덩크,아들과 함께 볼수 있는 감동적인 영화입니다,10
더 퍼스트 슬램덩크,원작 장면 아니었음 졸작 과거 화상신 최악 늘어지고 적막하고,2
더 퍼스트 슬램덩크,벅차오르는 감동 그 자체,10
더 퍼스트 슬램덩크,너무 좋았다 보는내내 행복했다,10
더 퍼스트 슬램덩크,다음에는 다른 캐릭의 이야기를.,10
더 퍼스트 슬램덩크,"감동,재미  그 잡채!옛 생각도 나고 대사들도 와 닿고 뭔가 울컥하던데요",10
더 퍼스트 슬램덩크,생각보다 재미 없었어요~약간 뻔한 스토리중간중간 지루한 부분도 있고..너무 기대했나봐요..,2
더 퍼스트 슬램덩크,옛 추억이 새록새록,10
더 퍼스트 슬램덩크,이건 그냥봐야함 말이필요없음,10
더 퍼스트 슬램덩크,가슴에 불을 지피는 만점 영화,10
더 퍼스트 슬램덩크,슬램덩크를 처음 보는 사람이지만 그 캐릭터의 서사등을 알려주니 그 캐릭터 내의 마음을 이해하기도 쉽고 엄청난 액션이 벌어지는 농구 시합이다보니깐 넋을 놓고 보게되었다..,10
더 퍼스트 슬램덩크,너무재밌고 감동적인 영화이다,10
더 퍼스트 슬램덩크,너무재밌고 감동적인 영화이다,10
더 퍼스트 슬램덩크, 평점 잘 안남기는 내가 남기는 유일할 영화,10
더 퍼스트 슬램덩크,인생작입니다.이것보다 더 감동적이고 재밌는 영화가 있을까 생각됩니다. 방금 보고 나와서 진정이.안된채로 리뷰 씁니다슬램덩크 아예 모르고 본 사람이에요.강추!,10
더 퍼스트 슬램덩크,"만화책엔 많이 못 미치지만,그래도 많이 신경쓴 흔적이 있었어요정말 재밌게 보고 왔습니다오랜만에 피 끓는 느낌",10
더 퍼스트 슬램덩크,와~감동입니다. 몰입감 장난아님. 아는내용인데 나도모르게 눈에서 땀이나오고 있었다.,10
더 퍼스트 슬램덩크,처음에는 살짝 노잼이였다가 점점 꿀잼집중하게 보고 재미있음,10
더 퍼스트 슬램덩크,여자친구가 강백호도 모르는데 보고나서 너무 재밌다고 난리임ㅋㅋㅋㅋ.  30대인 저도 기대 안하고 봤다가 나도 아직 심장이 뛰고 있다는걸 느낌. 솔직이 요즘 아봤다2 잠교섭 이런것보다 휠씬 재밌슴. 9점대 평가 그냥 오는거 아님. 역주행 오지게 탈것 예삼함.,10
더 퍼스트 슬램덩크,"명작이지만 보지 않다가, 어른이 된 지금의 내가 이걸 처음 봐서 얼마나 다행인지숨막혔어요 경기장에 내가 앉아있었다니까요!",10
더 퍼스트 슬램덩크,진짜 그냥 완벽...농구 1도 모르는데 진짜 재밌겠봤음 기승전결이 아주 한국인들이 좋아하는!! 강추합니다아,10
더 퍼스트 슬램덩크,와 간만에 집중하고 애니매이션 봤어요 ,10
더 퍼스트 슬램덩크,너무 감동적이고 재밌어요 ㅠㅠ,10
더 퍼스트 슬램덩크,슬램덩크를 이번에 처음 접하게 되었는데 너무 재밌게 봄,10
더 퍼스트 슬램덩크,응 혐한 안중근 유관순~,2
더 퍼스트 슬램덩크,쵝호… 청춘이다 정말……,10
더 퍼스트 슬램덩크,작화가 진짜 미치긴함 오히려 송태섭파트가 좀 작위적인 느낌이 들긴하는데 그래도 명작은 명작,10
더 퍼스트 슬램덩크,나이 먹어도 너희들은 그대로구나나도 멈추지 않을께 고마워 ,10
더 퍼스트 슬램덩크,이게 농구지... 라는 감탄사밖에...세상에서 가장 긴 1분은 농구의 1분이라고...90년대 조던의 농구를 봤던 사람은 그 느낌을 알 거라고...그 느낌이 그대로 이 슬램덩크에 재현되어 너무 감동적. ㅠㅠ,10
더 퍼스트 슬램덩크,2023년 최고의 짜릿함....!,10
더 퍼스트 슬램덩크,이노우에 감독은 우리에게 3배로 갚아 주었다….,10
더 퍼스트 슬램덩크,다 필요없다. 농구공 튀기는 소리만 들어도 가슴이 뛴다. ,10
더 퍼스트 슬램덩크,학생때 만화책을 보면서 느낀 감동을 배로 받았다,9
더 퍼스트 슬램덩크,올만에 극장가서 재미나게 봣음,10
더 퍼스트 슬램덩크,더빙판이 좋은 영화였다. 그리고 나의 청춘은 아직 저곳에 있었다,10
더 퍼스트 슬램덩크,진짜 ㄹㅈㄷ 연출이 쩐다,10
더 퍼스트 슬램덩크,영화관 좌석에 엉덩이 대는 순간부터 인트로 장면에서 주인공 5명이 스케치 되는 장면 부터 글로 설명하기엔 벅찬 감동과 목이 메이는 향수가 있었습니다어느덧 그들과 비슷한 자녀를 둔 나이가 되었지만 그들은 영원한 나의 멘토 같네요이미 극장에 들어가는 순간 부터 객관성을 잃었지만 우에이노의 연출은 정말 미친 듯 합니다,10
더 퍼스트 슬램덩크,와 마지막 명장면은 진짜.... 숨을 안쉬고 있는 본인을 발견..의식대서 숨을 쉬어볼라고 하는데 안쉬어짐;; 눈물도 그렁그렁 맺힘.. 아들이랑 보러갔는데 감동그잡채입니다!!,10
더 퍼스트 슬램덩크,내 인생의 마지막 슬램덩크,10
더 퍼스트 슬램덩크,슬램덩크는 그냥 전설 그 자체다…,10
더 퍼스트 슬램덩크,진짜...스토리는 물론이고 오랜만에 몰입감있게 봤다. 서태웅이랑 정대만 존잘,10
더 퍼스트 슬램덩크,재밌게 봤습니다~ 볼만했어요,10
더 퍼스트 슬램덩크,ㄹㅇ로 이렇게 소름돋는 영화는 처음,10
더 퍼스트 슬램덩크,온 가족 재미있게 볼 수 있는 영화,10
더 퍼스트 슬램덩크,"나보다도 형들이었는데, 이젠 나보다 20살이나 넘게 어리네진심으로 그리웠어요 형님들^^",10
더 퍼스트 슬램덩크,세대들 간의 벽을  뚫고 지나가는 영화같아요.자막으로만 3번 봐도 늘 새로운 점들이 보이고 똑같은 포인트에서 계속 소름돋기도 하지만 처음 봤을 때의 감동을 잊지 못해요. 눈물이 있어서 처음부터 살짝 찔금했는 데 하이라이트 부분에는 숨도 못 쉬고 울었습니다. 진작에 엄마 말 듣고 슬램덩크 볼 껄 그랬어요. 눈 뜨면 송태섭이 드리블하고 있어요. 2시간 끝나고도 나오면서도 시선 신경 안 쓰고 엉엉 울었습니다. 최근 본 모든 영화 중에서 최고였어요. 또 보러갈 까 고민 중입니다. 이미지에 맞는 성우분들의 연기력도 최고였어요. 오프닝부터 만화에서 역동감 넘치던 그림이 마치 살아 숨쉬는 것같아서 더 좋았습니다. ,10
더 퍼스트 슬램덩크,중간중간 너무 끊어서 별루였음 계속좀이어서 보여주는게 낳을거같음,6
더 퍼스트 슬램덩크,영화 끝나고 맨 처음 내뱉은 말: 와 지렸다.,10
더 퍼스트 슬램덩크,인터넷에 글 잘 안올리느데....더 퍼스트 슬램덩크 평점 평균은 꼭 올려야 겠습니다. 10점! 이 정도 퀄리티로 아주 시리즈로 나와주면 어디서 무슨 일을 하든 아주 살 맛 날 것습니다.쵝오-! ,10
더 퍼스트 슬램덩크,그때 그 추억생생하게 움직이는 만화 속 인물들,10
더 퍼스트 슬램덩크,슬램덩크 쵝5 인생최고의 영화,10
더 퍼스트 슬램덩크,쉬 ㅈㄴ 매려워서 쿠키 못봤어요 근데 레알 가슴이 벅차오르는.... 하,9
더 퍼스트 슬램덩크,10점을 안줄수가 없다..,10
더 퍼스트 슬램덩크,시간 더럽게 아까움...다 아는내용...완전 신파도 아니고..,2
더 퍼스트 슬램덩크,ㅠㅠ 존나재밋듬마지막 장면만 다시 보고 싶다,10
더 퍼스트 슬램덩크,잼있네여 진심이요 남자라면 꼭보세요,10
더 퍼스트 슬램덩크,한번 더 보고 싶음,10
더 퍼스트 슬램덩크,자막은 평작 더빙은 망작,7
더 퍼스트 슬램덩크,기.승.전.결 스토리는 그냥 슬램덩크가 미세하게 더좋았지만연출등 모든부분이 좋았어요,10
더 퍼스트 슬램덩크,감동이 있습니다.꼭 보세요,10
더 퍼스트 슬램덩크,오랜만에 벅차올랐어요 고마워요,10
더 퍼스트 슬램덩크,진짜미쳤네요 ... 원작 안보고 봤는데도 너무 재밌었음 .... 원작보러가야겠어요,10
더 퍼스트 슬램덩크,기대보단 조금 재미없었지만 그래도 볼만했다,5
더 퍼스트 슬램덩크,농구에 크게 관심이 없어도 재밌게 볼 수 있는 영화인 것 같다!,8
더 퍼스트 슬램덩크,현장감 최고.. 내가 직접 산왕과 맞붙는느낌.. 주고객처인 3040들이 인생의 많은 위안을 받을듯,10
더 퍼스트 슬램덩크,90년도 옛날의 감동이 생각나서 좋았습니다.Ost도 넘나 좋구요송태섭 드리블 돌파 장면 짱짱!,10
더 퍼스트 슬램덩크,세종시 CGV. 2월4일 토요일 오후 3시45분. I열 13번 여자분..  자신의 앞에 사람도 없는데 자세를 앞으로 하다보니 뒷자리 자막이 안보였습니다. 제 키가 180 이 넘는데 어찌나 머리를 앞에서 G랄을 떨다보니 자막 안보여서 정말 짜증 이빠이였습니다. 제발 담부터 대가리 뒤로 하고 보시길.. 영화관 첨 온것도 아닐텐데.. 어휴..  영화는 정말 좋았습니다. 애니같지 않은 애니.. ,10
더 퍼스트 슬램덩크,확실히 기대했던거 만큼 재미와 감동이있습니다.근데 슬램덩크 만화 안본사람 제발 가지마세요.민폐부릴꺼면 제발 보지마세요. 다른사람에게 피해끼칩니다.,10
더 퍼스트 슬램덩크,원작 슬램덩크를 모르고 봐도 재밌음,10
더 퍼스트 슬램덩크,가슴이 너무 웅장해져서 F컵이 될 것 같습니다,10
더 퍼스트 슬램덩크,"산왕전을 높은 질의 애니메이션으로 볼 수 있었다는 것도 즐거움이지만, 개인적으로는 우리나라 번역판에 굳이 일본어로 No.1 가드 라고 써달라고 작가가 주장했는지 알 수 있어 좋았다. 개인적으로 송태섭의 이야기가 너무 궁금했는데 송태섭을 중심으로 아야기가 펼쳐진 점도 좋았다. 슬램덩크를 모르는 사람도 재밌게 볼 수 있지만 원작을 봤던 사람이라면 다른 맛으로 또 볼 수 있는 작품이다.",9
더 퍼스트 슬램덩크,걍 개지림하나도 모르는데엉엉 울고나옴,10
더 퍼스트 슬램덩크,지금이 나의 전성기 불꽃남자 정대만 ,10
더 퍼스트 슬램덩크,어이없었다눈물포인트가없는데 5번 눈물이나왔다그냥 눈물이 나왔다…ㅎ,10
더 퍼스트 슬램덩크,재밌습니다!,10
더 퍼스트 슬램덩크,신랑 4번 나 2번봄재밌다,10
더 퍼스트 슬램덩크,안보신분 있으면 꼭 보세요 진짜 재밌습니다~!,10
더 퍼스트 슬램덩크,다시만나 반갑다..역시 최고구나 너희들은,10
더 퍼스트 슬램덩크,예전에 감동이 다시 살아나네요.,10
더 퍼스트 슬램덩크,원작도 보시길 바랍니다 ,10
더 퍼스트 슬램덩크,어릴적 친오빠 어깨 너머로 마주했던 주인공들을 어른이 되어 만나보니 사람들의 그리워한 이유를 알 수 있었다 송태섭이 이 영화의 화자가 되니 새로운 시각으로 슬램덩크를 볼 수 있었고 새로운 영화를 본 것 같았다 영상미의 발달이 오히려 이질감이 들어 아쉬웠고 옛날 그림체가 그립기도 했다,10
더 퍼스트 슬램덩크,내 인생영화.... 다시봐야지,10
더 퍼스트 슬램덩크,감성팔이 장면 너무 많아,1
더 퍼스트 슬램덩크,한번으로 안끝나 못끝내 이거,10
더 퍼스트 슬램덩크,슬램덩크를 안봤었는데도 재미있었다.,10
더 퍼스트 슬램덩크,보면 볼수록 재밌다... 동시에 감동적이다,8
더 퍼스트 슬램덩크,존잼존잼 스토리 몰라도 봐도 됨 최고,10
더 퍼스트 슬램덩크,인생 농구경기를 극장에서 보고 왔습니다,10
더 퍼스트 슬램덩크,제 나이 또래가 느끼는 추억 보정빨이 대부분이라 여기지만 당시 만들어 주지 않았던 산왕전을 움직이는 애니로 만들어준것 자체에 감사합니다~ 그리고 90년대 슬램덩크는 솔찍히 당시 일본애니 특징이긴 하나 너무 질질끄는 경우가 많아 지루했었고 작화도 생각보다 별로여서 당시에도 저는 잘보진 않았습니다. 근데 기술이 발전해서 인지 큰 이질감 없이 잘보았고 개봉초반에 보아서 자막버전은 시간이 안맞아 더빙으로 보았지만 잘보았습니다. ,10
더 퍼스트 슬램덩크,제임스 카메론은 아바타 세계관을 일찌감치 구성했으나 기술의 한계로 2008년도에 선보일 수 있었다. 더 퍼스트 슬램덩크도 기술의 진보로 2022년도에 나오게 됐고 경기장의 장면은 실제 농구 경기를 직관한듯한 체험을 하게 만든다. 20세기 만화책은 패기 넘친 작가의 스포츠물과 청춘물의 혼합이었다면 21세기 영화는 원숙한 작가의 스포츠물과 가족물의 혼합이다.아쉬운 점이 없는건 아니지만 원작에 누가 되지 않는 영화다.,10
더 퍼스트 슬램덩크,역시 슬램덩크 사쿠라기 하나미치,10
더 퍼스트 슬램덩크,정말 좋아해 너희의 농구를,10
더 퍼스트 슬램덩크,슬램덩크는 이 영화로 완성된다,10
더 퍼스트 슬램덩크,지루해요 ㅜㅜ 과거 이야기 나올때마다 졸았어요,2
더 퍼스트 슬램덩크,송태섭권준호채치수정대만서태웅강백호사랑한다,10
더 퍼스트 슬램덩크,팬이 아니라 그런지 재미없었어요 ㅡㅡ ,2
더 퍼스트 슬램덩크,만화랑 애니메이션이랑 교차되면서 농구하는 씬은 레전드였습니다,10
더 퍼스트 슬램덩크,슬램덩크 보던 안보던 진짜 명작임...;; 메시도 좋아할만한 영화임 ㅋㅋㅋㅋ 진짜 명작,10
더 퍼스트 슬램덩크,"지극히 주관적인 감상평이지만.. 조금 끄적여보자면 연출이나 작화는 정말 재밌게 본 것 같습니다. 하지만 개인적으로 경기 흐름이 쭉 이어지길 원했는데 그러지 않아서 조금 아쉬웠던 것 같습니다. 중간에 삽입된 장면들이 꽤 많아서 흐름이 끊기고 조금 정신 없다는 느낌을 받은 것 같기도 합니다. 하지만 중간중간에 삽입된 그 장면들 덕분에 등장인물들을 더 잘 이해할 수 있었고, 그덕에 경기하는 장면에선 더욱 몰입하여 감상할 수 있지 않았나 싶습니다. 현실과 거의 똑같은 공의 움직임, 선수들의 움직임과 경기흐름, 효과음과 사운드 등 여러 요소 덕분에 보는 내내 정말 경기장 관중석에 있는 것 처럼 몰입하여 봤고, 전율을 받았습니다. 보면서 오랜만에 농구 한 판 하고싶다는 생각이 들었던 영화였습니다.",8
더 퍼스트 슬램덩크,진짜 보셈 한번보고 두번보고 세번보세요 ,10
더 퍼스트 슬램덩크,재밌게 잘 봤습니다 만화책만으로는 담을수 없었던 내용을 영상으로 보니 좋네요ㅎㅎ,10
더 퍼스트 슬램덩크,진짜 재밋음 최근 본 영화중 젤로 재밋게 봤어요...,10
더 퍼스트 슬램덩크,슬램덩크 극장판이라니...진짜 최고의 세상이다...공 드리블 할 때마다 내 심장 드리블됨..,10
더 퍼스트 슬램덩크,기억 속 서태웅목소리와 달라서 어색했지만 재밋었음ㅋㅋ태웅아 누난 늙었는데 넌 아직 고딩이구나ㅋㅋㅋ,10
더 퍼스트 슬램덩크,채색스타일이 마커느낌이라 더 좋았음,10
더 퍼스트 슬램덩크,"이걸 한번만 볼 수 있는 사람이 신기하다.스토리.. 작화,연출,음향 뭐하나 빠지지않고감동적. 여러모로 대단한 영화",10
더 퍼스트 슬램덩크,만들러줘서 너무 감사합니다,10
더 퍼스트 슬램덩크,최고였습니다 두번 본 영화 십년만에 처음임,10
더 퍼스트 슬램덩크,"내면의 나약함과 자기의심, 절망 등 나 자신과 싸워 극복해나가는 과정에 저도 모르게 눈물이 흘렀습니다. 최고의 작품.",10
더 퍼스트 슬램덩크,송태섭에 대한 부채의식이 없어졌네요.,8
더 퍼스트 슬램덩크,요즘 애니 보고도 왜 이리 눈물이 나는지...나도 늙었나보다 ㅠ,10
더 퍼스트 슬램덩크,그냥 미쳤다...너무 재밌습니다.와(그저 감탄뿐...),10
더 퍼스트 슬램덩크,원작을 모르고 보면 재미 알고 보면 감동,10
더 퍼스트 슬램덩크,빤스 챙겨가야되는 영화. ㅎ,10
더 퍼스트 슬램덩크,너무 너무 재미있어요!!,10
더 퍼스트 슬램덩크,그냥 최고!!! 이것은 최고!,10
더 퍼스트 슬램덩크,ㅈㄴ 재밌음 ost 미침,10
더 퍼스트 슬램덩크,슬램덩크는 그냥 만화가 아니지 ㅠ 슬램덩크 모르는 여자들 백호 등 다쳤을때 낄낄대고 웃던데 스토리를 모르니 그러려니 했지만 몰입감깨져 개빡침 후아,10
더 퍼스트 슬램덩크,연출도 좋고 움직임이 ㄹㅇ스무스,10
더 퍼스트 슬램덩크,노재팬의 상징 40대가 드래곤볼과 더불어 제일 좋아하는 문화 투탑ㅋㅋㅋ,6
더 퍼스트 슬램덩크,"슬램덩크 세대 였음에도 그림체가 안 땡겨 안 봤었습니다. TV애니 작화가 여전히 안 땡겨 대략 10편 보다가 이번 영화를 봤는데, 송태섭 케릭터를 모르고 봤음에도 재미있더군요. 앞으로도 캐릭터 별로 계속 작품이 나왔으면 좋겠어요~",7
더 퍼스트 슬램덩크,첫 스케치 등장씬과 ost 에서 소름이 쫙~이미 감동 그 잡채,10
더 퍼스트 슬램덩크,가슴속깊은곳에서 놀라오는 눙물...,10
더 퍼스트 슬램덩크,내 인생 최고의 영화! 슬램덩크의 감동을 다시 한 번 느낄 수 있었다!! ,10
더 퍼스트 슬램덩크,1oso님이 알바겠죠.  재밌으니까 좋은 평을 남기겠죠. 그러니까 알바니 뭐니 하시마세요. 그리고 잘 나가면 알바다 알바니까 이런 글 쓰겠지라고 하지 마시고 그냥 재미없으면 없다고만 하세요 알바라고 하지 마세요. 암튼 재밌게 안 보셨으면 그럼 다음에 아바타 보세요 재미있을 거예요. 전 재미있게 봤으니까 10점 주고 갑니다 ,10
더 퍼스트 슬램덩크,남편이 보자고 해서 넷x릭스에서 예습하고 보고 왔어요! 덕분에 슬램덩크 팬이 됐습니다!,10
더 퍼스트 슬램덩크,"추억의 슬램덩크, 더욱 완성된 그림체에 감탄이 나옴. 송태섭의 비하인드 스토리와 산왕전 그 후까지 궁금했던 이야기들이 흥미진진.",10
더 퍼스트 슬램덩크,너무 기대했나...졸다 보다...졸다  언제 끝나나 시간만 봄. 지루함,4
더 퍼스트 슬램덩크,그냥 소름이었음...,10
더 퍼스트 슬램덩크,나쁘진 않았지만 너무 기대가 컸던거 같네요.,8
더 퍼스트 슬램덩크,만화책으로 봤던 추억의 슬램덩크를 남편과 중3아들과 같이 봤어요주인공 강백호의 이야기가 아닌 송태섭의 유년시절과 현재까지의 이야기로 잔잔한 감동과 재미가 있어요~,10
